age,sex,bmi,children,smoker,region,charges,insuranceclaim
36,F,25.9,1,No,West,5472.449,No
61,F,28.2,0,No,West,13041.921,Yes
61,M,35.86,0,Yes,East,46599.1084,Yes
55,M,32.67,1,No,East,10807.4863,Yes
50,F,27.36,0,No,North,25656.57526,Yes
45,F,33.1,0,No,West,7345.084,Yes
31,F,30.495,3,No,North,6113.23105,No
60,M,24.32,0,No,South,12523.6048,No
50,M,31.825,0,Yes,North,41097.16175,Yes
25,M,30.59,0,No,North,2727.3951,Yes
41,M,34.2,2,No,South,7261.741,No
51,M,24.795,2,Yes,South,23967.38305,Yes
21,F,21.89,2,No,East,3180.5101,No
22,F,31.02,3,Yes,East,35595.5898,Yes
19,M,27.835,0,No,South,1635.73365,Yes
50,M,36.2,0,No,West,8457.818,Yes
24,F,30.1,3,No,West,4234.927,No
24,F,24.225,0,No,South,2842.76075,No
41,M,23.94,1,No,North,6858.4796,No
36,M,28.88,3,No,North,6748.5912,No
56,M,33.66,4,No,East,12949.1554,No
50,F,27.075,1,No,North,10106.13425,No
49,F,27.1,1,No,West,26140.3603,No
34,F,38,3,No,West,6196.448,No
36,M,33.4,2,Yes,West,38415.474,Yes
63,M,35.09,0,Yes,East,47055.5321,Yes
38,M,29.26,2,No,South,6457.8434,No
60,M,24.32,1,No,South,13112.6048,No
19,M,27.6,0,No,West,1252.407,Yes
25,M,24.985,2,No,North,23241.47453,No
32,F,17.765,2,Yes,South,32734.1863,No
52,F,33.3,2,No,West,10806.839,No
30,M,35.53,0,Yes,East,36950.2567,Yes
35,F,26.125,0,No,North,5227.98875,Yes
46,F,19.95,2,No,South,9193.8385,No
45,M,36.48,2,Yes,South,42760.5022,Yes
34,F,33.25,1,No,North,5594.8455,Yes
48,M,29.6,0,No,West,21232.18226,Yes
41,F,33.155,3,No,North,8538.28845,No
18,F,37.29,1,No,East,2219.4451,No
20,M,28.025,1,Yes,South,17560.37975,Yes
51,F,36.67,2,No,South,10848.1343,Yes
52,M,27.36,0,Yes,South,24393.6224,Yes
31,F,26.62,0,No,East,3757.8448,Yes
63,F,37.7,0,Yes,West,48824.45,Yes
49,M,29.83,1,No,North,9288.0267,No
40,F,23.37,3,No,North,8252.2843,No
47,M,25.46,2,No,North,9225.2564,Yes
20,M,30.685,0,Yes,North,33475.81715,Yes
37,M,22.705,3,No,North,6985.50695,No
50,M,32.3,2,No,West,9630.397,No
36,F,22.135,3,No,North,7228.21565,No
30,M,24.13,1,No,South,4032.2407,No
45,M,33.7,1,No,West,7445.918,Yes
34,M,27.835,1,Yes,South,20009.63365,Yes
51,M,23.21,1,Yes,East,22218.1149,Yes
59,M,29.7,2,No,East,12925.886,Yes
31,F,31.065,0,No,North,4347.02335,Yes
37,M,34.2,1,Yes,North,39047.285,Yes
49,F,22.61,1,No,South,9566.9909,No
35,M,34.32,3,No,East,5934.3798,No
28,F,24.32,1,No,North,23288.9284,No
33,M,35.75,2,No,East,4889.9995,No
32,M,46.53,2,No,East,4686.3887,Yes
49,M,30.9,0,Yes,West,39727.614,Yes
58,F,25.2,0,No,West,11837.16,No
50,F,46.09,1,No,East,9549.5651,Yes
55,F,40.81,3,No,East,12485.8009,No
44,M,31.35,1,Yes,North,39556.4945,Yes
27,M,33.155,2,No,South,4058.71245,No
42,M,37.18,2,No,East,7162.0122,Yes
54,F,31.24,0,No,East,10338.9316,Yes
19,M,35.53,0,No,South,1646.4297,Yes
20,M,27.3,0,Yes,West,16232.847,Yes
18,M,34.43,0,No,East,1137.4697,Yes
34,M,35.815,0,No,South,4320.41085,Yes
46,M,38.17,2,No,East,8347.1643,Yes
39,F,34.32,5,No,East,8596.8278,No
26,M,29.15,1,No,East,2902.9065,No
21,F,34.87,0,No,East,2020.5523,Yes
51,F,25.8,1,No,West,9861.025,No
19,F,34.7,2,Yes,West,36397.576,Yes
37,M,29.64,0,No,South,5028.1466,Yes
19,M,20.7,0,No,West,1242.816,No
27,M,30.3,3,No,West,4260.744,No
23,M,24.51,0,No,North,2396.0959,No
52,M,32.205,3,No,North,11488.31695,No
19,M,34.4,0,No,West,1261.859,Yes
63,M,21.66,1,No,South,14349.8544,No
59,M,28.785,0,No,South,12129.61415,Yes
56,F,28.31,0,No,North,11657.7189,Yes
51,F,40.66,0,No,North,9875.6804,Yes
54,M,34.21,2,Yes,East,44260.7499,Yes
21,F,39.49,0,No,East,2026.9741,Yes
47,F,27.645,2,Yes,South,24535.69855,Yes
18,F,30.305,0,No,North,2203.73595,Yes
29,F,20.235,2,No,South,4906.40965,No
25,F,34.485,0,No,South,3021.80915,Yes
40,F,28.69,3,No,South,8059.6791,No
33,F,28.27,1,No,East,4779.6023,No
37,M,30.8,0,No,West,4646.759,Yes
24,F,30.21,3,No,South,4618.0799,No
18,M,29.37,1,No,East,1719.4363,No
47,M,29.83,3,No,South,9620.3307,Yes
28,M,23.8,2,No,West,3847.674,No
40,M,29.9,2,No,West,6600.361,No
21,F,16.815,1,No,North,3167.45585,Yes
20,M,31.13,2,No,East,2566.4707,No
64,M,38.19,0,No,North,14410.9321,Yes
60,M,28.9,0,No,West,12146.971,Yes
18,M,25.46,0,No,North,1708.0014,No
40,F,29.3,4,No,West,15828.82173,No
36,M,29.7,0,No,East,4399.731,Yes
49,F,42.68,2,No,East,9800.8882,No
26,M,30,1,No,West,2904.088,No
42,M,35.8,2,No,West,7160.094,Yes
31,M,36.3,2,Yes,West,38711,Yes
39,F,24.89,3,Yes,North,21659.9301,No
46,M,33.345,1,No,North,8334.45755,Yes
18,M,31.73,0,Yes,North,33732.6867,Yes
19,F,24.7,0,No,West,1737.376,No
49,M,37.51,2,No,East,9304.7019,Yes
29,M,31.73,2,No,South,4433.3877,No
35,F,31,1,No,West,5240.765,No
38,M,27.835,2,No,South,6455.86265,No
30,F,30.9,3,No,West,5325.651,No
60,M,25.74,0,No,East,12142.5786,No
20,F,22.42,0,Yes,South,14711.7438,Yes
40,M,32.775,1,Yes,North,39125.33225,Yes
60,F,28.7,1,No,West,13224.693,No
56,F,39.82,0,No,East,11090.7178,Yes
57,M,31.54,0,No,South,11353.2276,Yes
27,F,24.1,0,No,West,2974.126,No
18,M,21.78,2,No,East,11884.04858,No
48,F,33.33,0,No,East,8283.6807,Yes
57,M,28.975,0,Yes,North,27218.43725,Yes
48,M,37.29,2,No,East,8978.1851,Yes
52,F,24.13,1,Yes,South,23887.6627,Yes
57,F,22.23,0,No,North,12029.2867,No
29,F,25.6,4,No,West,5708.867,No
25,M,26.22,0,No,North,2721.3208,Yes
37,F,26.4,0,Yes,East,19539.243,Yes
36,M,33.82,1,No,South,5377.4578,Yes
46,M,19.855,0,No,South,7526.70645,No
23,F,32.78,2,Yes,East,36021.0112,Yes
38,F,34.8,2,No,West,6571.544,No
35,M,27.74,2,Yes,North,20984.0936,No
18,F,42.24,0,Yes,East,38792.6856,Yes
38,M,21.12,3,No,East,6652.5288,No
32,F,23.65,1,No,East,17626.23951,No
28,F,23.845,2,No,South,4719.73655,No
40,F,32.775,2,Yes,South,40003.33225,Yes
19,F,21.7,0,Yes,West,13844.506,Yes
45,F,36.3,2,No,East,8527.532,Yes
49,M,30.3,0,No,West,8116.68,Yes
30,F,27.7,0,No,West,3554.203,Yes
23,M,32.7,3,No,West,3591.48,No
18,M,33.33,0,No,East,1135.9407,Yes
22,M,34.8,3,No,West,3443.064,No
41,F,31.635,1,No,North,7358.17565,Yes
59,M,31.79,2,No,East,12928.7911,No
47,F,33.345,0,No,North,20878.78443,Yes
30,F,43.12,2,No,East,4753.6368,No
57,M,42.13,1,Yes,East,48675.5177,Yes
45,M,28.7,2,No,West,8027.968,Yes
48,M,34.3,3,No,West,9563.029,No
57,M,18.335,0,No,North,11534.87265,No
30,F,33.33,1,No,East,4151.0287,Yes
33,M,22.705,0,No,South,21984.47061,No
53,M,36.1,1,No,West,10085.846,Yes
26,F,22.23,0,No,South,3176.2877,No
61,F,33.33,4,No,East,36580.28216,No
52,F,24.86,0,No,East,27117.99378,No
61,M,33.535,0,No,North,13143.33665,Yes
48,M,36.67,1,No,South,28468.91901,Yes
23,F,28.12,0,No,South,2690.1138,Yes
64,M,39.16,1,No,East,14418.2804,Yes
37,F,30.78,0,Yes,North,37270.1512,Yes
48,M,32.3,1,No,South,8765.249,Yes
48,F,27.265,1,No,North,9447.25035,No
61,F,44,0,No,West,13063.883,Yes
39,F,41.8,0,No,East,5662.225,Yes
51,F,38.06,0,Yes,East,44400.4064,Yes
21,F,21.85,1,Yes,North,15359.1045,Yes
58,M,34.39,0,No,South,11743.9341,Yes
39,F,22.8,3,No,North,7985.815,No
19,M,27.7,0,Yes,West,16297.846,Yes
21,F,32.68,2,No,South,26018.95052,No
24,M,32.01,0,No,East,1981.5819,Yes
56,F,35.8,1,No,West,11674.13,Yes
51,M,37,0,No,West,8798.593,Yes
21,M,31.02,0,No,East,16586.49771,Yes
42,F,24.985,2,No,South,8017.06115,No
39,M,28.3,1,Yes,West,21082.16,Yes
22,F,28.05,0,No,East,2155.6815,Yes
19,F,29.8,0,No,West,1744.465,Yes
53,M,36.6,3,No,West,11264.541,No
45,F,31.79,0,No,East,17929.30337,Yes
18,M,21.565,0,Yes,North,13747.87235,Yes
35,M,36.67,1,Yes,North,39774.2763,Yes
45,M,24.31,5,No,East,9788.8659,No
22,M,32.11,0,No,South,2055.3249,Yes
59,F,26.505,0,No,North,12815.44495,Yes
57,F,25.74,2,No,East,12629.1656,Yes
40,F,28.12,1,Yes,North,22331.5668,Yes
48,F,22.8,0,No,West,8269.044,No
20,M,22,1,No,West,1964.78,No
28,M,31.68,0,Yes,East,34672.1472,Yes
49,F,23.18,2,No,South,10156.7832,No
44,M,39.52,0,No,South,6948.7008,Yes
47,M,19.57,1,No,South,8428.0693,No
59,M,25.46,0,No,South,12124.9924,No
47,F,32,1,No,West,8551.347,Yes
18,M,31.68,2,Yes,East,34303.1672,Yes
37,M,29.83,2,No,North,6406.4107,No
28,M,37.1,1,No,West,3277.161,No
22,M,37.62,1,Yes,East,37165.1638,Yes
64,F,35.97,0,No,East,14313.8463,Yes
38,M,38.39,3,Yes,East,41949.2441,Yes
28,F,17.29,0,No,North,3732.6251,Yes
27,F,24.75,0,Yes,East,16577.7795,Yes
31,M,39.49,1,No,East,3875.7341,No
20,M,30.115,5,No,North,4915.05985,No
24,F,25.27,0,No,North,3044.2133,No
36,F,19.855,0,No,North,5458.04645,No
49,F,34.77,1,No,South,9583.8933,Yes
44,F,36.48,0,No,North,12797.20962,Yes
54,F,27.645,1,No,South,11305.93455,No
21,M,35.53,0,No,East,1532.4697,Yes
33,F,18.5,1,No,West,4766.022,No
28,F,25.8,0,No,West,3161.454,No
40,M,19.8,1,Yes,East,17179.522,Yes
47,M,38.94,2,Yes,East,44202.6536,Yes
53,F,38.06,3,No,East,20462.99766,No
44,M,25.365,1,No,South,7518.02535,No
27,M,18.905,3,No,North,4827.90495,No
37,F,23.37,2,No,South,6686.4313,No
19,M,35.4,0,No,West,1263.249,Yes
45,F,35.3,0,No,West,7348.142,Yes
36,M,34.43,0,Yes,East,37742.5757,Yes
20,F,31.46,0,No,East,1877.9294,Yes
18,F,27.28,3,Yes,East,18223.4512,No
34,F,30.21,1,Yes,South,43943.8761,Yes
59,F,27.72,3,No,East,14001.1338,Yes
47,F,29.37,1,No,East,8547.6913,No
52,M,33.25,0,No,North,9722.7695,Yes
40,M,32.3,2,No,South,6986.697,No
30,M,38.83,1,No,East,18963.17192,No
64,F,26.885,0,Yes,South,29330.98315,Yes
43,M,27.36,3,No,North,8606.2174,Yes
39,M,35.3,2,Yes,West,40103.89,Yes
35,M,34.77,2,No,South,5729.0053,No
49,M,25.84,2,Yes,South,23807.2406,Yes
50,M,32.205,0,No,South,8835.26495,Yes
35,M,39.71,4,No,North,19496.71917,No
30,F,19.95,3,No,South,5693.4305,No
46,F,33.725,1,No,North,8823.98575,Yes
60,F,27.55,0,No,North,13217.0945,Yes
46,F,35.53,0,Yes,North,42111.6647,Yes
60,M,28.595,0,No,North,30259.99556,Yes
35,F,28.025,0,Yes,South,20234.85475,Yes
29,M,32.11,2,No,South,4433.9159,No
19,F,22.515,0,No,South,2117.33885,No
18,F,38.28,0,No,East,1631.8212,Yes
52,F,37.525,2,No,South,33471.97189,Yes
40,M,24.97,2,No,East,6593.5083,No
63,F,35.2,1,No,East,14474.675,Yes
20,F,24.42,0,Yes,East,26125.67477,Yes
36,F,29.92,0,No,East,4889.0368,Yes
50,M,25.365,2,No,South,30284.64294,Yes
48,M,40.15,0,No,East,7804.1605,Yes
32,M,31.5,1,No,West,4076.497,Yes
53,F,22.88,1,Yes,East,23244.7902,Yes
55,F,32.775,2,No,South,12268.63225,No
31,M,31.065,3,No,South,5425.02335,No
32,F,37.145,3,No,North,6334.34355,No
46,F,23.655,1,Yes,South,21677.28345,Yes
27,M,29.15,0,Yes,East,18246.4955,Yes
26,M,32.49,1,No,North,3490.5491,Yes
30,F,27.93,0,No,North,4137.5227,Yes
23,M,32.56,0,No,East,1824.2854,Yes
60,M,36.955,0,No,North,12741.16745,Yes
35,F,27.7,3,No,West,6414.178,No
27,F,25.175,0,No,North,3558.62025,No
18,F,40.26,0,No,East,1634.5734,Yes
37,M,36.19,0,No,East,19214.70553,Yes
18,F,24.09,1,No,East,2201.0971,No
49,M,31.35,1,No,North,9290.1395,Yes
49,M,28.7,1,No,West,8703.456,No
59,F,36.765,1,Yes,North,47896.79135,Yes
40,F,36.19,0,No,East,5920.1041,Yes
20,M,29.735,0,No,South,1769.53165,Yes
25,F,33.99,1,No,East,3227.1211,Yes
18,M,21.47,0,No,North,1702.4553,No
42,F,29.48,2,No,East,7640.3092,Yes
64,M,34.5,0,No,West,13822.803,Yes
61,M,32.3,2,No,South,14119.62,No
22,M,26.84,0,No,East,1664.9996,Yes
35,M,24.13,1,No,South,5125.2157,No
55,M,33,0,No,East,20781.48892,Yes
36,M,28.595,3,No,South,6548.19505,No
43,F,20.045,2,Yes,North,19798.05455,Yes
48,F,31.13,0,No,East,8280.6227,Yes
62,M,27.55,1,No,South,13937.6665,No
44,F,36.955,1,No,South,8023.13545,Yes
31,F,21.755,0,No,South,4134.08245,No
46,F,34.6,1,Yes,West,41661.602,Yes
46,M,33.44,1,No,North,8334.5896,Yes
18,M,33.66,0,No,East,1136.3994,Yes
22,F,34.58,2,No,North,3925.7582,No
27,F,34.8,1,No,West,3577.999,Yes
50,M,32.3,1,Yes,North,41919.097,Yes
37,F,30.8,2,No,East,6313.759,No
18,M,35.2,1,No,East,1727.54,No
33,M,29.4,4,No,West,6059.173,No
50,M,44.77,1,No,East,9058.7303,Yes
37,F,29.5,2,No,West,6311.952,No
56,F,33.82,2,No,South,12643.3778,No
33,F,24.31,0,No,East,4185.0979,No
40,F,33,3,No,East,7682.67,No
61,M,36.1,3,No,West,27941.28758,No
29,M,35.5,2,Yes,West,44585.45587,Yes
63,F,32.2,2,Yes,West,47305.305,Yes
56,M,25.935,0,No,North,11165.41765,No
18,M,15.96,0,No,North,1694.7964,Yes
19,F,27.9,0,Yes,West,16884.924,Yes
35,F,35.815,1,No,South,5630.45785,No
59,M,27.5,1,No,West,12333.828,No
18,M,22.99,0,No,North,1704.5681,No
51,F,20.6,0,No,West,9264.797,No
22,F,21.28,3,No,South,4296.2712,No
35,F,38.095,2,No,North,24915.04626,No
33,M,42.4,5,No,West,6666.243,No
47,F,45.32,1,No,East,8569.8618,Yes
28,F,27.5,2,No,West,20177.67113,No
19,F,31.825,1,No,South,2719.27975,Yes
51,F,34.96,2,Yes,North,44641.1974,Yes
57,F,28.785,4,No,North,14394.39815,Yes
32,F,41.1,0,No,West,3989.841,Yes
62,M,26.695,0,Yes,North,28101.33305,Yes
43,F,34.58,1,No,South,7727.2532,Yes
25,M,45.54,2,Yes,East,42112.2356,Yes
44,F,27.645,0,No,South,7421.19455,Yes
57,F,23.18,0,No,South,11830.6072,No
28,F,37.62,1,No,East,3766.8838,No
45,F,27.83,2,No,East,8515.7587,Yes
29,F,21.755,1,Yes,North,16657.71745,Yes
31,M,28.595,1,No,South,4243.59005,No
39,M,26.41,0,Yes,North,20149.3229,Yes
40,F,25.46,1,No,North,7077.1894,No
51,M,31.635,0,No,South,9174.13565,Yes
59,F,34.8,2,No,West,36910.60803,No
43,F,32.56,3,Yes,East,40941.2854,Yes
25,M,33.66,4,No,East,4504.6624,No
28,F,34.77,0,No,South,3556.9223,Yes
28,F,25.935,1,No,South,4133.64165,No
41,M,21.78,1,No,East,6272.4772,No
45,F,38.285,0,No,North,7935.29115,Yes
49,M,36.85,0,No,East,8125.7845,Yes
57,M,34.01,0,No,South,11356.6609,Yes
51,F,18.05,0,No,South,9644.2525,No
22,F,20.235,0,No,South,2527.81865,No
59,F,26.695,3,No,South,14382.70905,Yes
25,M,26.8,3,No,West,3906.127,No
30,F,39.05,3,Yes,East,40932.4295,Yes
30,M,44.22,2,No,East,4266.1658,No
47,M,47.52,1,No,East,8083.9198,Yes
56,F,41.91,0,No,East,11093.6229,Yes
29,F,31.16,0,No,North,3943.5954,Yes
18,F,38.17,0,No,East,1631.6683,Yes
23,F,33.4,0,No,West,10795.93733,Yes
31,F,29.26,1,No,East,4350.5144,No
63,F,25.08,0,No,South,14254.6082,No
24,M,29.3,0,No,West,1977.815,Yes
39,M,45.43,2,No,East,6356.2707,Yes
38,F,27.6,0,No,West,5383.536,Yes
46,M,22.3,0,No,West,7147.105,No
25,F,32.23,1,No,East,18218.16139,Yes
30,M,27.645,1,No,North,4237.12655,No
51,M,27.74,1,No,North,9957.7216,No
55,M,28.975,0,No,North,10796.35025,Yes
55,M,35.245,1,No,North,11394.06555,Yes
52,M,30.2,1,No,West,9724.53,Yes
64,F,22.99,0,Yes,East,27037.9141,Yes
51,M,24.415,4,No,South,11520.09985,No
34,F,37.335,2,No,South,5989.52365,No
47,F,23.6,1,No,West,8539.671,No
56,M,36.1,3,No,West,12363.547,No
34,M,22.42,2,No,North,27375.90478,No
62,F,31.73,0,No,North,14043.4767,Yes
20,M,33,1,No,West,1980.07,Yes
41,M,30.59,2,No,South,7256.7231,No
32,F,29.8,2,No,West,5152.134,No
22,M,19.95,3,No,North,4005.4225,No
41,F,32.2,1,No,West,6775.961,Yes
41,M,34.21,1,No,East,6289.7549,Yes
26,F,29.48,1,No,East,3392.3652,No
35,M,30.5,1,No,West,4751.07,No
23,M,23.845,0,No,North,2395.17155,No
64,F,39.7,0,No,West,14319.031,Yes
39,M,42.655,0,No,North,5757.41345,Yes
64,F,31.3,2,Yes,West,47291.055,Yes
60,F,32.45,0,Yes,East,45008.9555,Yes
19,F,24.605,1,No,South,2709.24395,No
18,F,30.115,0,No,North,2203.47185,Yes
24,F,23.21,0,No,East,25081.76784,No
61,F,21.09,0,No,South,13415.0381,No
18,M,23.21,0,No,East,1121.8739,No
47,F,33.915,3,No,South,10115.00885,No
18,F,38.665,2,No,North,3393.35635,No
18,M,26.18,2,No,East,2304.0022,No
61,M,43.4,0,No,West,12574.049,Yes
48,F,41.23,4,No,South,11033.6617,No
19,M,30.4,0,No,West,1256.299,Yes
61,M,31.57,0,No,East,12557.6053,Yes
30,M,22.99,2,Yes,South,17361.7661,No
30,M,24.4,3,Yes,West,18259.216,No
30,M,28.69,3,Yes,South,20745.9891,No
36,M,35.2,1,Yes,East,38709.176,Yes
23,F,24.225,2,No,North,22395.74424,No
57,F,20.1,1,No,West,12032.326,No
62,F,29.92,0,No,East,13457.9608,Yes
20,M,27.93,0,No,North,1967.0227,Yes
62,F,32.68,0,No,South,13844.7972,Yes
47,M,36.19,0,Yes,East,41676.0811,Yes
62,F,32.965,3,No,South,15612.19335,No
48,M,30.2,2,No,West,8968.33,No
63,F,27.74,0,Yes,North,29523.1656,Yes
42,F,33.155,1,No,North,7639.41745,Yes
62,M,32.015,0,Yes,North,45710.20785,Yes
45,M,23.56,2,No,North,8603.8234,No
25,F,22.515,1,No,South,3594.17085,No
27,M,31.13,1,Yes,East,34806.4677,Yes
38,F,27.835,2,No,North,7144.86265,No
39,M,34.1,2,No,East,23563.01618,No
22,F,39.805,0,No,North,2755.02095,Yes
48,F,35.91,1,No,North,26392.26029,Yes
24,F,29.925,0,No,South,2850.68375,Yes
55,M,38.28,0,No,East,10226.2842,Yes
52,M,41.8,2,Yes,East,47269.854,Yes
32,F,31.54,1,No,North,5148.5526,Yes
54,F,47.41,0,Yes,East,63770.42801,Yes
26,M,20.8,0,No,West,2302.3,No
56,M,34.43,0,No,East,10594.2257,Yes
51,F,21.56,1,No,East,9855.1314,No
61,F,29.92,3,Yes,East,30942.1918,Yes
19,M,22.61,0,No,South,1628.4709,No
19,M,20.9,1,No,West,1832.094,No
58,F,32.965,0,No,North,12430.95335,Yes
58,F,36.48,0,No,South,12235.8392,Yes
47,F,36,1,No,West,8556.907,Yes
21,M,23.21,0,No,East,1515.3449,No
62,F,39.2,0,No,West,13470.86,Yes
46,M,40.375,2,No,South,8733.22925,No
39,F,32.5,1,No,West,6238.298,Yes
40,M,35.3,3,No,West,7196.867,No
26,M,23.7,2,No,West,3484.331,No
21,F,34.6,0,No,West,2020.177,Yes
63,M,36.765,0,No,North,13981.85035,Yes
19,M,34.1,0,No,West,1261.442,Yes
44,M,22.135,2,No,North,8302.53565,No
24,M,35.86,0,No,East,1986.9334,Yes
58,M,28.595,0,No,South,11735.87905,Yes
24,F,22.6,0,No,West,2457.502,No
64,M,24.7,1,No,South,30166.61817,No
63,F,36.3,0,No,East,13887.204,Yes
19,M,33.1,0,No,West,23082.95533,Yes
39,M,32.34,2,No,East,6338.0756,No
20,F,31.92,0,No,South,2261.5688,Yes
57,M,40.945,0,No,North,11566.30055,Yes
41,F,31.6,0,No,West,6186.127,Yes
45,F,28.6,2,No,East,8516.829,Yes
55,F,29.83,0,No,North,11286.5387,Yes
51,F,37.05,3,Yes,North,46255.1125,Yes
45,M,30.2,1,No,West,7441.053,Yes
23,F,28.49,1,Yes,East,18328.2381,Yes
37,M,28.025,2,No,South,6203.90175,No
27,M,26.03,0,No,North,3070.8087,Yes
49,M,35.86,0,No,East,8124.4084,Yes
59,M,29.83,3,Yes,North,30184.9367,Yes
42,M,24.64,0,Yes,East,19515.5416,Yes
40,M,22.705,2,No,North,7173.35995,No
56,F,37.51,2,No,East,12265.5069,Yes
57,M,28.1,0,No,West,10965.446,Yes
47,F,24.32,0,No,North,8534.6718,No
42,F,40.37,2,Yes,East,43896.3763,Yes
61,F,31.16,0,No,South,13429.0354,Yes
64,M,26.41,0,No,North,14394.5579,Yes
28,M,36.4,1,Yes,West,51194.55914,Yes
28,F,33.11,0,No,East,3171.6149,Yes
24,M,28.5,0,Yes,North,35147.52848,Yes
37,M,29.8,0,No,West,20420.60465,Yes
41,M,28.8,1,No,West,6282.235,No
52,F,31.73,2,No,South,11187.6567,No
57,F,38,2,No,West,12646.207,Yes
48,M,31.445,1,No,North,8964.06055,Yes
41,F,21.755,1,No,North,13725.47184,No
50,F,28.16,3,No,East,10702.6424,Yes
44,F,25.8,1,No,West,7624.63,No
19,F,30.02,0,Yes,South,33307.5508,Yes
35,M,27.1,1,No,West,4746.344,No
38,F,28.93,1,No,East,5974.3847,No
58,M,49.06,0,No,East,11381.3254,Yes
37,M,46.53,3,No,East,6435.6237,Yes
48,F,25.85,3,Yes,East,24180.9335,Yes
23,M,17.385,1,No,South,2775.19215,Yes
45,M,30.495,2,No,South,8413.46305,No
43,F,26.7,2,Yes,West,22478.6,No
46,F,27.74,0,No,South,8026.6666,Yes
43,F,25.08,0,No,North,7325.0482,No
35,F,34.21,1,No,East,5245.2269,Yes
55,F,26.8,1,No,West,35160.13457,No
58,F,28.215,0,No,South,12224.35085,Yes
28,M,24.3,5,No,West,5615.369,No
48,F,32.3,2,No,North,10043.249,No
33,M,35.75,1,Yes,East,38282.7495,Yes
22,F,28.82,0,No,East,2156.7518,Yes
28,M,33,3,No,East,4449.462,No
19,M,24.6,1,No,West,1837.237,No
19,F,39.615,1,No,South,2730.10785,No
28,M,23.98,3,Yes,East,17663.1442,No
26,F,17.195,2,Yes,North,14455.64405,No
18,F,33.155,0,No,North,2207.69745,Yes
32,F,20.52,0,No,North,4544.2348,No
53,F,22.61,3,Yes,North,24873.3849,Yes
42,M,28.31,3,Yes,South,32787.45859,No
63,M,30.8,0,No,West,13390.559,Yes
52,F,23.18,0,No,North,10197.7722,No
39,F,23.275,3,No,North,7986.47525,No
54,M,25.1,3,Yes,West,25382.297,Yes
19,M,25.175,0,No,South,1632.03625,No
51,M,35.97,1,No,East,9386.1613,Yes
53,M,31.16,1,No,South,10461.9794,Yes
23,F,31.4,0,Yes,West,34166.273,Yes
19,F,25.745,1,No,South,2710.82855,No
55,F,32.395,1,No,North,11879.10405,Yes
61,M,33.915,0,No,North,13143.86485,Yes
53,M,31.35,0,No,East,27346.04207,Yes
23,F,34.96,3,No,South,4466.6214,No
51,M,32.3,1,No,North,9964.06,Yes
52,M,34.1,0,No,East,9140.951,Yes
20,F,33.3,0,No,West,1880.487,Yes
46,M,43.89,3,No,East,8944.1151,No
45,M,22.895,2,Yes,South,21098.55405,Yes
19,F,28.31,0,Yes,South,17468.9839,Yes
24,M,32.7,0,Yes,West,34472.841,Yes
21,M,27.36,0,No,North,2104.1134,Yes
57,F,29.81,0,Yes,East,27533.9129,Yes
48,M,30.78,3,No,North,10141.1362,No
55,M,29.9,0,No,West,10214.636,Yes
37,M,30.875,3,No,South,6796.86325,No
47,M,28.215,3,Yes,South,24915.22085,Yes
19,M,30.25,0,Yes,East,32548.3405,Yes
64,F,32.965,0,No,South,14692.66935,Yes
44,F,32.34,1,No,East,7633.7206,Yes
18,M,26.125,0,No,North,1708.92575,Yes
31,M,27.645,2,No,North,5031.26955,No
30,M,31.4,1,No,West,3659.346,Yes
47,M,25.41,1,Yes,East,21978.6769,Yes
54,F,23,3,No,West,12094.478,No
19,F,23.4,2,No,West,2913.569,No
22,F,24.3,0,No,West,2150.469,No
58,F,41.91,0,No,East,24227.33724,Yes
55,M,30.685,0,Yes,North,42303.69215,Yes
27,F,30.4,3,No,South,18804.7524,No
62,M,21.4,0,No,West,12957.118,No
25,M,25.84,1,No,North,3309.7926,No
56,M,33.63,0,Yes,South,43921.1837,Yes
21,M,26.03,0,No,North,2102.2647,Yes
44,M,27.4,2,No,West,7726.854,Yes
34,F,26.41,1,No,South,5385.3379,No
64,M,23.76,0,Yes,East,26926.5144,Yes
44,M,37.1,2,No,West,7740.337,Yes
56,M,33.725,0,No,South,10976.24575,Yes
28,M,38.06,0,No,East,2689.4954,Yes
48,F,27.36,1,No,North,9447.3824,No
23,M,41.91,0,No,East,1837.2819,Yes
40,M,26.315,1,No,South,6389.37785,No
39,F,24.225,5,No,South,8965.79575,No
18,F,31.92,0,No,North,2205.9808,Yes
19,F,37.43,0,No,South,2138.0707,Yes
40,F,22.22,2,Yes,East,19444.2658,No
38,F,28,3,No,West,7151.092,No
18,M,25.175,0,Yes,North,15518.18025,Yes
38,M,16.815,2,No,North,6640.54485,Yes
38,F,19.95,2,No,North,7133.9025,No
32,M,37.335,1,No,North,4667.60765,No
35,M,17.86,1,No,South,5116.5004,No
31,M,34.39,3,Yes,South,38746.3551,Yes
39,M,29.6,4,No,West,7512.267,No
31,M,30.875,0,No,North,3857.75925,Yes
23,M,35.2,1,No,West,2416.955,No
18,F,40.185,0,No,North,2217.46915,Yes
62,M,37.4,0,No,West,12979.358,Yes
60,F,38.06,0,No,East,12648.7034,Yes
41,F,32.6,3,No,West,7954.517,No
61,M,23.655,0,No,North,13129.60345,No
37,F,25.555,1,Yes,North,20296.86345,Yes
62,F,30.495,2,No,South,15019.76005,No
34,M,25.3,2,Yes,East,18972.495,No
42,F,26.18,1,No,East,7046.7222,No
62,M,31.46,1,No,East,27000.98473,Yes
26,M,46.53,1,No,East,2927.0647,Yes
58,M,32.01,1,No,East,11946.6259,Yes
51,M,39.7,1,No,West,9391.346,Yes
29,F,32.11,2,No,South,4922.9159,No
42,F,41.325,1,No,North,7650.77375,Yes
41,F,36.08,1,No,East,6781.3542,Yes
29,M,28.975,1,No,North,4040.55825,No
59,F,36.52,1,No,East,28287.89766,Yes
27,F,30.59,1,No,North,16796.41194,No
25,F,30.2,0,Yes,West,33900.653,Yes
63,F,21.66,0,No,North,14449.8544,No
21,F,35.72,0,No,South,2404.7338,Yes
58,F,32.395,1,No,North,13019.16105,Yes
43,F,34.4,3,No,West,8522.003,No
38,F,40.565,1,No,South,6373.55735,Yes
34,M,25.27,1,No,South,4894.7533,No
32,M,35.2,2,No,West,4670.64,No
19,M,27.265,2,No,South,22493.65964,No
62,F,36.86,1,No,North,31620.00106,Yes
52,M,24.32,3,Yes,North,24869.8368,Yes
44,F,38.95,0,Yes,South,42983.4585,Yes
18,M,27.36,1,Yes,North,17178.6824,Yes
51,F,34.2,1,No,West,9872.701,Yes
42,M,35.97,2,No,East,7160.3303,Yes
58,M,25.175,0,No,North,11931.12525,No
57,F,31.825,0,No,South,11842.62375,Yes
42,F,25.3,1,No,West,7045.499,No
33,F,38.9,3,No,West,5972.378,No
53,M,41.47,0,No,East,9504.3103,Yes
51,M,30.03,1,No,East,9377.9047,Yes
53,M,26.41,2,No,North,11244.3769,Yes
33,F,36.29,3,No,North,6551.7501,No
18,M,28.5,0,No,North,1712.227,Yes
62,M,32.11,0,No,North,13555.0049,Yes
34,M,27,2,No,West,11737.84884,No
23,M,31.73,3,Yes,North,36189.1017,Yes
54,M,33.63,1,No,South,10825.2537,Yes
45,M,27.5,3,No,West,8615.3,Yes
44,F,20.235,1,Yes,North,19594.80965,Yes
35,F,23.465,2,No,North,6402.29135,No
19,F,28.88,0,Yes,South,17748.5062,Yes
48,M,35.625,4,No,North,10736.87075,No
58,M,36.08,0,No,East,11363.2832,Yes
26,F,28.785,0,No,North,3385.39915,Yes
19,M,26.03,1,Yes,South,16450.8947,Yes
50,F,27.83,3,No,East,19749.38338,Yes
27,F,31.255,1,No,South,3956.07145,Yes
50,M,37.07,1,No,East,9048.0273,Yes
29,M,38.94,1,No,East,3471.4096,No
18,M,41.14,0,No,East,1146.7966,Yes
43,F,35.64,1,No,East,7345.7266,Yes
31,F,29.1,0,No,West,3761.292,Yes
28,F,28.88,1,No,North,4337.7352,No
32,F,44.22,0,No,East,3994.1778,Yes
21,F,25.8,0,No,West,2007.945,No
25,M,26.695,4,No,South,4877.98105,No
18,F,31.13,0,No,East,1621.8827,Yes
52,F,25.3,2,Yes,East,24667.419,Yes
35,F,34.105,3,Yes,South,39983.42595,Yes
33,M,33.44,5,No,East,6653.7886,No
22,M,37.07,2,Yes,East,37484.4493,Yes
24,M,26.79,1,No,South,12609.88702,No
19,F,18.6,0,No,West,1728.897,No
18,M,39.14,0,No,North,12890.05765,Yes
35,M,24.42,3,Yes,East,19361.9988,No
19,M,30.59,0,No,South,1639.5631,Yes
43,M,30.115,3,No,South,8410.04685,No
42,F,29,1,No,West,7050.642,No
33,M,27.1,1,Yes,West,19040.876,Yes
45,F,25.7,3,No,West,9101.798,Yes
19,M,31.92,0,Yes,South,33750.2918,Yes
62,M,30.02,0,No,South,13352.0998,Yes
31,M,20.4,0,No,West,3260.199,No
42,F,36.195,1,No,South,7443.64305,Yes
56,M,40.3,0,No,West,10602.385,Yes
56,M,31.79,2,Yes,East,43813.8661,Yes
29,F,21.85,0,Yes,North,16115.3045,Yes
29,F,29.59,1,No,East,3947.4131,No
19,M,25.555,0,No,South,1632.56445,No
27,F,17.955,2,Yes,North,15006.57945,No
31,F,32.775,2,No,South,5327.40025,No
56,F,25.3,0,No,West,11070.535,No
53,M,34.105,0,Yes,North,43254.41795,Yes
49,F,30.78,1,No,North,9778.3472,Yes
53,M,21.4,1,No,West,10065.413,No
56,F,25.65,0,No,South,11454.0215,No
32,M,33.63,1,Yes,North,37607.5277,Yes
25,M,23.9,5,No,West,5080.096,No
59,M,25.46,1,No,North,12913.9924,No
22,M,28.31,1,No,South,2639.0429,No
44,F,27.5,1,No,West,7626.993,No
55,F,30.14,2,No,East,11881.9696,No
35,M,27.61,1,No,East,4747.0529,No
20,F,30.59,0,No,North,2459.7201,Yes
36,M,28.025,1,Yes,North,20773.62775,Yes
42,M,24.605,2,Yes,North,21259.37795,Yes
38,M,37.05,1,No,North,6079.6715,No
29,M,34.4,0,Yes,West,36197.699,Yes
25,F,26.79,2,No,South,4189.1131,No
18,F,32.12,2,No,East,2801.2588,No
57,F,34.295,2,No,North,13224.05705,No
32,F,24.6,0,Yes,West,17496.306,Yes
46,M,26.62,1,No,East,7742.1098,No
23,F,42.75,1,Yes,North,40904.1995,Yes
22,M,33.77,0,No,East,1674.6323,Yes
22,M,28.88,0,No,North,2250.8352,Yes
18,M,33.535,0,Yes,North,34617.84065,Yes
28,F,33,2,No,East,4349.462,No
52,M,34.485,3,Yes,South,60021.39897,Yes
43,F,26.885,0,Yes,South,21774.32215,Yes
40,F,41.42,1,No,South,28476.73499,Yes
42,F,26.6,0,Yes,South,21348.706,Yes
28,M,35.435,0,No,North,3268.84665,Yes
27,F,21.47,0,No,South,3353.4703,No
34,F,27.5,1,No,West,5003.853,No
58,M,23.3,0,No,West,11345.519,No
53,F,33.25,0,No,North,10564.8845,Yes
38,F,27.265,1,No,North,6555.07035,No
43,F,30.685,2,No,South,8310.83915,No
43,M,30.1,1,No,West,6849.026,Yes
45,F,35.815,0,No,South,7731.85785,Yes
55,M,37.715,3,No,South,30063.58055,No
34,M,42.9,1,No,West,4536.259,Yes
23,F,36.67,2,Yes,North,38511.6283,Yes
54,M,30.8,1,Yes,East,41999.52,Yes
19,F,32.49,0,Yes,South,36898.73308,Yes
56,F,26.6,1,No,South,12044.342,No
30,M,35.3,0,Yes,West,36837.467,Yes
53,M,30.495,0,No,North,10072.05505,Yes
39,F,26.315,2,No,South,7201.70085,No
41,F,31.02,0,No,East,6185.3208,Yes
30,F,22.895,1,No,North,4719.52405,No
34,M,42.13,2,No,East,5124.1887,No
22,F,30.4,0,Yes,South,33907.548,Yes
60,F,18.335,0,No,North,13204.28565,No
19,F,30.59,2,No,South,24059.68019,No
49,F,21.3,1,No,West,9182.17,No
53,F,35.9,2,No,West,11163.568,Yes
44,M,30.69,2,No,East,7731.4271,No
53,M,28.6,3,No,West,11253.421,Yes
55,F,25.365,3,No,North,13047.33235,Yes
26,F,29.355,2,No,North,4564.19145,No
18,F,29.165,0,No,North,7323.734819,Yes
23,F,28.31,0,Yes,South,18033.9679,Yes
39,F,31.92,2,No,South,7209.4918,No
19,M,21.755,0,No,South,1627.28245,No
29,F,35.53,0,No,East,3366.6697,Yes
24,F,20.52,0,Yes,North,14571.8908,Yes
63,M,33.1,0,No,West,13393.756,Yes
46,F,48.07,2,No,North,9432.9253,Yes
46,M,25.8,5,No,West,10096.97,Yes
24,F,27.72,0,No,East,2464.6188,Yes
44,M,32.015,2,No,South,8116.26885,No
26,F,34.2,2,No,West,3987.926,No
61,F,25.08,0,No,East,24513.09126,No
27,F,20.045,3,Yes,South,16420.49455,No
44,M,21.85,3,No,North,8891.1395,No
18,F,26.315,0,No,North,2198.18985,Yes
20,F,31.79,2,No,East,3056.3881,No
21,F,17.4,1,No,West,2585.269,Yes
19,M,28.7,0,No,West,1253.936,Yes
22,M,35.6,0,Yes,West,35585.576,Yes
42,M,24.86,0,No,East,5966.8874,No
43,M,20.13,2,Yes,East,18767.7377,Yes
25,M,25.74,0,No,East,2137.6536,No
18,M,30.4,3,No,North,3481.868,No
44,F,38.06,0,Yes,East,48885.13561,Yes
31,F,38.095,1,Yes,North,58571.07448,Yes
58,F,29,0,No,West,11842.442,Yes
50,F,33.7,4,No,West,11299.343,No
26,M,29.45,0,No,North,2897.3235,Yes
60,M,39.9,0,Yes,West,48173.361,Yes
61,M,28.31,1,Yes,South,28868.6639,Yes
24,M,23.4,0,No,West,1969.614,No
20,M,35.31,1,No,East,27724.28875,No
49,M,25.84,1,No,North,9282.4806,No
54,M,32.775,0,No,North,10435.06525,Yes
19,M,36.955,0,Yes,South,36219.40545,Yes
50,M,26.6,0,No,West,8444.474,Yes
43,M,23.2,0,No,West,6250.435,No
64,F,39.05,3,No,East,16085.1275,No
25,F,20.8,1,No,West,3208.787,No
63,F,23.085,0,No,North,14451.83515,No
33,M,27.455,2,No,South,5261.46945,No
18,F,31.35,0,No,East,1622.1885,Yes
47,M,29.8,3,Yes,West,25309.489,Yes
53,M,24.32,0,No,South,9863.4718,No
46,F,28.9,2,No,West,8823.279,Yes
54,F,32.68,0,No,North,10923.9332,Yes
46,F,32.3,2,No,North,9411.005,No
55,M,32.775,0,No,South,10601.63225,Yes
55,F,33.535,2,No,South,12269.68865,No
41,F,33.06,2,No,South,7749.1564,No
23,M,34.4,0,No,West,1826.843,Yes
49,F,41.47,4,No,East,10977.2063,No
20,F,29.6,0,No,West,1875.344,Yes
55,F,29.7,2,No,West,11881.358,Yes
53,M,20.9,0,Yes,East,21195.818,Yes
22,F,27.1,0,No,West,2154.361,Yes
42,M,30,0,Yes,West,22144.032,Yes
31,F,25.74,0,No,East,3756.6216,No
33,F,26.695,0,No,South,4571.41305,Yes
54,M,31.6,0,No,West,9850.432,Yes
27,M,45.9,2,No,West,3693.428,Yes
48,F,28.88,1,No,South,9249.4952,No
36,F,29.92,1,No,East,5478.0368,No
27,M,32.67,0,No,East,2497.0383,Yes
47,M,36.08,1,Yes,East,42211.1382,Yes
21,M,25.745,2,No,North,3279.86855,No
63,M,28.31,0,No,South,13770.0979,Yes
31,M,26.885,1,No,North,4441.21315,No
18,F,21.66,0,Yes,North,14283.4594,Yes
21,M,36.85,0,No,East,1534.3045,Yes
39,F,32.8,0,No,West,5649.715,Yes
61,M,36.3,1,Yes,West,47403.88,Yes
44,M,29.735,2,No,North,32108.66282,Yes
18,F,36.85,0,No,East,1629.8335,Yes
61,F,36.385,1,Yes,North,48517.56315,Yes
57,F,30.495,0,No,South,11840.77505,Yes
58,F,31.825,2,No,North,13607.36875,No
21,M,28.975,0,No,South,1906.35825,Yes
47,M,19.19,1,No,North,8627.5411,No
47,M,36.2,1,No,West,8068.185,Yes
36,M,31.5,0,No,West,4402.233,Yes
64,M,36.96,2,Yes,East,49577.6624,Yes
19,M,25.555,1,No,South,2221.56445,No
52,M,32.775,3,No,South,11289.10925,No
36,F,27.74,0,No,North,5469.0066,Yes
43,F,25.27,1,Yes,North,21771.3423,Yes
49,F,33.345,2,No,North,10370.91255,No
24,M,25.8,0,No,West,1972.95,No
41,F,28.31,1,No,South,7153.5539,No
58,F,27.17,0,No,South,12222.8983,Yes
55,M,33.88,3,No,East,11987.1682,No
43,M,26.03,0,No,North,6837.3687,Yes
19,F,17.8,0,No,West,1727.785,No
59,F,32.1,3,No,West,14007.222,No
20,F,37,5,No,West,4830.63,No
25,M,27.55,0,No,South,2523.1695,Yes
53,F,24.795,1,No,South,10942.13205,No
50,F,27.6,1,Yes,West,24520.264,Yes
18,F,36.85,0,Yes,East,36149.4835,Yes
26,F,40.185,0,No,South,3201.24515,Yes
21,M,25.7,4,Yes,West,17942.106,No
25,F,24.3,3,No,West,4391.652,No
56,F,32.3,3,No,North,13430.265,No
29,M,27.94,0,No,East,2867.1196,Yes
37,F,34.105,1,No,South,6112.35295,Yes
18,M,17.29,2,Yes,North,12829.4551,No
32,F,29.735,0,No,South,4357.04365,Yes
24,M,29.83,0,Yes,North,18648.4217,Yes
26,F,19.8,1,No,West,3378.91,No
29,M,37.29,2,No,East,4058.1161,No
56,M,39.6,0,No,West,10601.412,Yes
20,F,21.8,0,Yes,West,20167.33603,Yes
42,F,23.37,0,Yes,North,19964.7463,Yes
26,F,42.4,1,No,West,3410.324,Yes
37,M,34.1,4,Yes,West,40182.246,Yes
58,M,34.865,0,No,North,11944.59435,Yes
62,F,38.095,2,No,North,15230.32405,Yes
54,F,30.8,3,No,West,12105.32,No
34,M,34.21,0,No,East,3935.1799,Yes
55,F,26.98,0,No,South,11082.5772,Yes
54,M,29.2,1,No,West,10436.096,No
18,F,30.115,0,No,North,21344.8467,Yes
38,M,34.7,2,No,West,6082.405,No
18,M,34.1,0,No,East,1137.011,Yes
51,F,37.73,1,No,East,9877.6077,Yes
30,M,31.57,3,No,East,4837.5823,No
39,F,34.1,3,No,West,7418.522,No
47,F,26.125,1,Yes,North,23401.30575,Yes
23,M,27.36,1,No,South,2789.0574,No
46,M,25.745,3,No,South,9301.89355,Yes
24,F,27.6,0,No,West,18955.22017,Yes
41,M,32.2,2,No,West,6875.961,No
31,M,28.5,5,No,North,6799.458,No
26,M,30.875,2,No,South,3877.30425,No
38,F,40.15,0,No,East,5400.9805,Yes
18,F,40.28,0,No,North,2217.6012,Yes
37,F,17.29,2,No,North,6877.9801,Yes
19,F,28.3,0,Yes,West,17081.08,Yes
52,F,38.38,2,No,North,11396.9002,Yes
54,F,32.3,1,No,North,11512.405,Yes
64,M,25.6,2,No,West,14988.432,Yes
43,M,25.52,5,No,East,14478.33015,Yes
29,M,33.345,2,No,South,19442.3535,No
19,F,20.6,0,No,West,1731.677,No
60,F,35.1,0,No,West,12644.589,Yes
35,M,28.9,3,No,West,5926.846,No
45,M,20.35,3,No,East,8605.3615,No
39,M,29.925,1,Yes,North,22462.04375,Yes
56,M,19.95,0,Yes,North,22412.6485,Yes
28,F,33.4,0,No,West,3172.018,Yes
26,M,31.065,0,No,South,2699.56835,Yes
42,F,37.9,0,No,West,6474.013,Yes
34,M,30.8,0,Yes,West,35491.64,Yes
59,F,32.395,3,No,North,14590.63205,No
46,F,28.05,1,No,East,8233.0975,No
42,M,26.07,1,Yes,East,38245.59327,Yes
58,M,30.305,0,No,North,11938.25595,Yes
59,M,37.1,1,No,West,12347.172,Yes
20,M,33.33,0,No,East,1391.5287,Yes
55,M,37.3,0,No,West,20630.28351,Yes
42,M,34.1,0,No,West,5979.731,Yes
34,M,32.8,1,No,West,14358.36437,Yes
54,M,30.21,0,No,South,10231.4999,Yes
34,M,34.675,0,No,North,4518.82625,Yes
36,F,25.84,0,No,South,5266.3656,No
42,M,26.125,2,No,North,7729.64575,Yes
46,M,24.795,3,No,North,9500.57305,No
61,F,35.91,0,No,North,13635.6379,Yes
32,M,33.82,1,No,South,4462.7218,Yes
18,M,30.14,0,No,East,1131.5066,Yes
57,M,40.28,0,No,North,20709.02034,Yes
22,M,31.35,1,No,South,2643.2685,Yes
61,M,38.38,0,No,South,12950.0712,Yes
36,F,26.2,0,No,West,4883.866,Yes
48,F,27.93,4,No,South,11015.1747,Yes
63,F,36.85,0,No,East,13887.9685,Yes
50,F,23.54,2,No,East,10107.2206,No
32,M,30.8,3,No,West,5253.524,No
32,F,28.93,0,No,East,3972.9247,Yes
18,F,20.79,0,No,East,1607.5101,No
46,F,30.8,3,No,West,9414.92,No
23,M,26.51,0,No,East,1815.8759,Yes
30,F,21.945,1,No,North,4718.20355,No
51,M,25.4,0,No,West,8782.469,No
52,M,36.765,2,No,South,26467.09737,Yes
19,F,28.4,1,No,West,2331.519,No
27,M,30.5,0,No,West,2494.022,Yes
48,F,33.11,0,Yes,East,40974.1649,Yes
25,M,35.625,0,No,South,2534.39375,Yes
33,F,35.53,0,Yes,South,55135.40209,Yes
57,M,43.7,1,No,West,11576.13,Yes
64,F,39.33,0,No,North,14901.5167,Yes
62,M,38.83,0,No,East,12981.3457,Yes
43,M,38.06,2,Yes,East,42560.4304,Yes
33,F,32.9,2,No,West,5375.038,No
35,M,38.6,1,No,West,4762.329,No
52,M,47.74,1,No,East,9748.9106,Yes
23,M,50.38,1,No,East,2438.0552,Yes
22,F,36,0,No,West,2166.732,Yes
39,M,26.22,1,No,South,6123.5688,No
50,M,26.41,0,No,South,8827.2099,Yes
47,F,26.6,2,No,North,9715.841,Yes
62,M,30.875,3,Yes,South,46718.16325,Yes
45,M,21.375,0,No,South,7222.78625,No
44,M,34.32,1,No,East,7147.4728,Yes
29,F,26.03,0,No,South,3736.4647,Yes
47,M,32.3,1,No,West,8062.764,Yes
18,M,23.085,0,No,North,1704.70015,No
31,F,23.6,2,No,West,4931.647,No
36,F,26.885,0,No,South,5267.81815,Yes
43,F,24.7,2,Yes,South,21880.82,Yes
43,F,46.2,0,Yes,East,45863.205,Yes
25,F,41.325,0,No,North,17878.90068,Yes
53,M,29.48,0,No,East,9487.6442,Yes
62,F,33.2,0,No,West,13462.52,Yes
45,M,30.36,0,Yes,East,62592.87309,Yes
45,M,22.895,0,Yes,North,35069.37452,Yes
48,M,29.7,0,No,East,7789.635,Yes
32,M,27.835,1,No,South,4454.40265,No
44,M,38.06,1,No,East,7152.6714,Yes
61,F,39.1,2,No,West,14235.072,Yes
58,F,39.05,0,No,East,11856.4115,Yes
40,M,30.875,4,No,South,8162.71625,No
54,M,40.565,3,Yes,North,48549.17835,Yes
18,F,33.88,0,No,East,11482.63485,Yes
20,M,32.395,1,No,South,2362.22905,Yes
23,M,18.715,0,No,South,21595.38229,No
20,M,40.47,0,No,North,1984.4533,Yes
18,M,23.32,1,No,East,1711.0268,No
18,F,35.625,0,No,North,2211.13075,Yes
42,M,26.315,1,No,South,6940.90985,No
53,F,36.86,3,Yes,South,46661.4424,Yes
23,F,34.865,0,No,North,2899.48935,Yes
55,M,21.5,1,No,West,10791.96,No
19,F,30.495,0,No,South,2128.43105,Yes
21,F,33.63,2,No,South,3579.8287,No
54,F,24.605,3,No,South,12479.70895,No
64,F,33.8,1,Yes,West,47928.03,Yes
41,F,32.965,0,No,South,6571.02435,Yes
44,F,25,1,No,West,7623.518,No
62,M,39.93,0,No,East,12982.8747,Yes
41,M,33.55,0,No,East,5699.8375,Yes
27,F,32.395,1,No,North,18903.49141,Yes
46,F,30.2,2,No,West,8825.086,No
41,F,28.05,1,No,East,6770.1925,No
22,M,39.5,0,No,West,1682.597,Yes
60,F,36.005,0,No,North,13228.84695,Yes
27,M,23.1,0,No,East,2483.736,No
44,M,30.2,2,Yes,West,38998.546,Yes
50,M,25.3,0,No,East,8442.667,No
47,F,36.63,1,Yes,East,42969.8527,Yes
46,M,39.425,1,No,North,8342.90875,Yes
19,M,34.8,0,Yes,West,34779.615,Yes
18,F,28.215,0,No,North,2200.83085,Yes
36,F,22.6,2,Yes,West,18608.262,No
31,M,38.39,2,No,East,4463.2051,No
50,F,44.745,0,No,North,9541.69555,Yes
22,M,31.73,0,No,North,2254.7967,Yes
